{
  "build": {
    "beforeDevCommand": "npm run dev",
    "beforeBuildCommand": "npm run build",
    "devPath": "http://localhost:5173",
    "distDir": "../dist"
  },
  "package": {
    "productName": "advanced-driver-update",
    "version": "0.0.0"
  },
  "tauri": {
    "allowlist": {
      "all": true,
        

      "shell": {
        "all": false,
        "open": true
      }
    },
    "windows": [
      {
        "fullscreen": false,
        "decorations": false,
        "resizable": false,
        "title": "Advanced Driver Update",
        "width": 800,
        "height": 600,
        "minimizable": true,
        "alwaysOnTop": false,
        "visible": false    
      },
       {
           "width": 400,
          "height": 200,
          "decorations": false,
          "url": "/splashscreen.html",
           "label": "splashscreen"
         }
    ],
    "security": {
      "csp": null
    },
    "bundle": {
      "active": true,
      "targets": "all",
      "identifier": "com.AdvancedDriverUpdate.dev",
      "icon": [
        "icons/32x32.png",
        "icons/128x128.png",
        "icons/128x128@2x.png",
        "icons/icon.icns",
        "icons/icon.ico"
      ]
    }
  }
}
